,score,seqid,seq
0,1.037485332303756,0.21621621621621623,MADVQLQASGGGLVQPGGSLRLSCAASGGSSDWSTSTFGWYRQAPGKQRELVGRYYSGASQYHPSVKGRFTISRDNAMNTVYLQMNNLKPEDTAVYYVYIDDSANGVQGWGQGTQVTVS/TNLCPFGEVFNATRFASVYAWNRKRISNCVADYSVLYNSASFSTFKCYGVSPTKLNDLCFTNVYADSFVIRGDEVRQIAPGQTGKIADYNYKLPDDFTGCVIAWNSNNLDSKVGGNYNYLYRLFRKSNLKPFERDISTEIYQAGSTPCNGVEGFNCYFPLQSYGFQPTNGVGYQPYRVVVLSFELLHAPATVCGPK
1,1.0502938887960203,0.21621621621621623,MADVQLQASGGGLVQPGGSLRLSCAASGGSSDWSTMTFGWYRQAPGKQRELVGRYYSGTSLYHPSVKGRFTISRDNAMNTVYLQMNNLKPEDTAVYYQYVVDSARGVVGWGQGTQVTVS/TNLCPFGEVFNATRFASVYAWNRKRISNCVADYSVLYNSASFSTFKCYGVSPTKLNDLCFTNVYADSFVIRGDEVRQIAPGQTGKIADYNYKLPDDFTGCVIAWNSNNLDSKVGGNYNYLYRLFRKSNLKPFERDISTEIYQAGSTPCNGVEGFNCYFPLQSYGFQPTNGVGYQPYRVVVLSFELLHAPATVCGPK
2,1.038759703168998,0.21621621621621623,MADVQLQASGGGLVQPGGSLRLSCAASGGSSDWSTMTFGWYRQAPGKQRELVGAYYSGFSLYHPSVKGRFTISRDNAMNTVYLQMNNLKPEDTAVYYVWVNDSARGVVGWGQGTQVTVS/TNLCPFGEVFNATRFASVYAWNRKRISNCVADYSVLYNSASFSTFKCYGVSPTKLNDLCFTNVYADSFVIRGDEVRQIAPGQTGKIADYNYKLPDDFTGCVIAWNSNNLDSKVGGNYNYLYRLFRKSNLKPFERDISTEIYQAGSTPCNGVEGFNCYFPLQSYGFQPTNGVGYQPYRVVVLSFELLHAPATVCGPK
3,1.0842418716968716,0.1891891891891892,MADVQLQASGGGLVQPGGSLRLSCAASGGSYDWSTATFGWYRQAPGKQRELVGRYNSGTQQTHPSVKGRFTISRDNAMNTVYLQMNNLKPEDTAVYYQYVVDSAAGTVGWGQGTQVTVS/TNLCPFGEVFNATRFASVYAWNRKRISNCVADYSVLYNSASFSTFKCYGVSPTKLNDLCFTNVYADSFVIRGDEVRQIAPGQTGKIADYNYKLPDDFTGCVIAWNSNNLDSKVGGNYNYLYRLFRKSNLKPFERDISTEIYQAGSTPCNGVEGFNCYFPLQSYGFQPTNGVGYQPYRVVVLSFELLHAPATVCGPK
4,1.0621575407079749,0.21621621621621623,MADVQLQASGGGLVQPGGSLRLSCAASGGSSDWSTTTFGWYRQAPGKQRELVGRYYSGTSQYHPSVKGRFTISRDNAMNTVYLQMNNLKPEDTAVYYKYVVDSASGTVGWGQGTQVTVS/TNLCPFGEVFNATRFASVYAWNRKRISNCVADYSVLYNSASFSTFKCYGVSPTKLNDLCFTNVYADSFVIRGDEVRQIAPGQTGKIADYNYKLPDDFTGCVIAWNSNNLDSKVGGNYNYLYRLFRKSNLKPFERDISTEIYQAGSTPCNGVEGFNCYFPLQSYGFQPTNGVGYQPYRVVVLSFELLHAPATVCGPK
5,1.0734505272797636,0.24324324324324326,MADVQLQASGGGLVQPGGSLRLSCAASGGSYDWSTTTFGWYRQAPGKQRELVGRYYSGTSQYAASVKGRFTISRDNAMNTVYLQMNNLKPEDTAVYYVYVFDSAAGVVGWGQGTQVTVS/TNLCPFGEVFNATRFASVYAWNRKRISNCVADYSVLYNSASFSTFKCYGVSPTKLNDLCFTNVYADSFVIRGDEVRQIAPGQTGKIADYNYKLPDDFTGCVIAWNSNNLDSKVGGNYNYLYRLFRKSNLKPFERDISTEIYQAGSTPCNGVEGFNCYFPLQSYGFQPTNGVGYQPYRVVVLSFELLHAPATVCGPK
6,1.0437522395639807,0.24324324324324326,MADVQLQASGGGLVQPGGSLRLSCAASGGSSDWSTMTFGWYRQAPGKQRELVGTYYSGASQYHPSVKGRFTISRDNAMNTVYLQMNNLKPEDTAVYYFYVFDSANGKVGWGQGTQVTVS/TNLCPFGEVFNATRFASVYAWNRKRISNCVADYSVLYNSASFSTFKCYGVSPTKLNDLCFTNVYADSFVIRGDEVRQIAPGQTGKIADYNYKLPDDFTGCVIAWNSNNLDSKVGGNYNYLYRLFRKSNLKPFERDISTEIYQAGSTPCNGVEGFNCYFPLQSYGFQPTNGVGYQPYRVVVLSFELLHAPATVCGPK
7,1.0669382210518863,0.1891891891891892,MADVQLQASGGGLVQPGGSLRLSCAASGGSSDWSTMTFGWYRQAPGKQRELVGRYYSGTQQLHPSVKGRFTISRDNAMNTVYLQMNNLKPEDTAVYYMWVDDYANGRRGWGQGTQVTVS/TNLCPFGEVFNATRFASVYAWNRKRISNCVADYSVLYNSASFSTFKCYGVSPTKLNDLCFTNVYADSFVIRGDEVRQIAPGQTGKIADYNYKLPDDFTGCVIAWNSNNLDSKVGGNYNYLYRLFRKSNLKPFERDISTEIYQAGSTPCNGVEGFNCYFPLQSYGFQPTNGVGYQPYRVVVLSFELLHAPATVCGPK
8,1.0377342346552256,0.21621621621621623,MADVQLQASGGGLVQPGGSLRLSCAASGGSSDWSTTTFGWYRQAPGKQRELVGRYYSGTSQYHPSVKGRFTISRDNAMNTVYLQMNNLKPEDTAVYYHYVYDSANGVVGWGQGTQVTVS/TNLCPFGEVFNATRFASVYAWNRKRISNCVADYSVLYNSASFSTFKCYGVSPTKLNDLCFTNVYADSFVIRGDEVRQIAPGQTGKIADYNYKLPDDFTGCVIAWNSNNLDSKVGGNYNYLYRLFRKSNLKPFERDISTEIYQAGSTPCNGVEGFNCYFPLQSYGFQPTNGVGYQPYRVVVLSFELLHAPATVCGPK
9,1.086507023186297,0.24324324324324326,MADVQLQASGGGLVQPGGSLRLSCAASGGDTDWSTTTFGWYRQAPGKQRELVGRYNSGTSQYAPSVKGRFTISRDNAMNTVYLQMNNLKPEDTAVYYEWVNDSARGVQGWGQGTQVTVS/TNLCPFGEVFNATRFASVYAWNRKRISNCVADYSVLYNSASFSTFKCYGVSPTKLNDLCFTNVYADSFVIRGDEVRQIAPGQTGKIADYNYKLPDDFTGCVIAWNSNNLDSKVGGNYNYLYRLFRKSNLKPFERDISTEIYQAGSTPCNGVEGFNCYFPLQSYGFQPTNGVGYQPYRVVVLSFELLHAPATVCGPK
10,1.025364128721727,0.24324324324324326,MADVQLQASGGGLVQPGGSLRLSCAASGGSTDWSTTTFGWYRQAPGKQRELVGTYHSGTSQYHPSVKGRFTISRDNAMNTVYLQMNNLKPEDTAVYYVYVNDSANGVTGWGQGTQVTVS/TNLCPFGEVFNATRFASVYAWNRKRISNCVADYSVLYNSASFSTFKCYGVSPTKLNDLCFTNVYADSFVIRGDEVRQIAPGQTGKIADYNYKLPDDFTGCVIAWNSNNLDSKVGGNYNYLYRLFRKSNLKPFERDISTEIYQAGSTPCNGVEGFNCYFPLQSYGFQPTNGVGYQPYRVVVLSFELLHAPATVCGPK
11,1.0206260322719007,0.21621621621621623,MADVQLQASGGGLVQPGGSLRLSCAASGGDTDWSTQTFGWYRQAPGKQRELVGRYYSGTSQYHPSVKGRFTISRDNAMNTVYLQMNNLKPEDTAVYYVYVVDSARGVVGWGQGTQVTVS/TNLCPFGEVFNATRFASVYAWNRKRISNCVADYSVLYNSASFSTFKCYGVSPTKLNDLCFTNVYADSFVIRGDEVRQIAPGQTGKIADYNYKLPDDFTGCVIAWNSNNLDSKVGGNYNYLYRLFRKSNLKPFERDISTEIYQAGSTPCNGVEGFNCYFPLQSYGFQPTNGVGYQPYRVVVLSFELLHAPATVCGPK
12,1.0450003851909895,0.21621621621621623,MADVQLQASGGGLVQPGGSLRLSCAASGGSTDWSTTTFGWYRQAPGKQRELVGRYYSGTSQYHPSVKGRFTISRDNAMNTVYLQMNNLKPEDTAVYYQYVYDSANGRVGWGQGTQVTVS/TNLCPFGEVFNATRFASVYAWNRKRISNCVADYSVLYNSASFSTFKCYGVSPTKLNDLCFTNVYADSFVIRGDEVRQIAPGQTGKIADYNYKLPDDFTGCVIAWNSNNLDSKVGGNYNYLYRLFRKSNLKPFERDISTEIYQAGSTPCNGVEGFNCYFPLQSYGFQPTNGVGYQPYRVVVLSFELLHAPATVCGPK
13,1.0348915485916912,0.21621621621621623,MADVQLQASGGGLVQPGGSLRLSCAASGGDSDWSTMTFGWYRQAPGKQRELVGRYNSGTSQYHPSVKGRFTISRDNAMNTVYLQMNNLKPEDTAVYYSYVVDSARGVVGWGQGTQVTVS/TNLCPFGEVFNATRFASVYAWNRKRISNCVADYSVLYNSASFSTFKCYGVSPTKLNDLCFTNVYADSFVIRGDEVRQIAPGQTGKIADYNYKLPDDFTGCVIAWNSNNLDSKVGGNYNYLYRLFRKSNLKPFERDISTEIYQAGSTPCNGVEGFNCYFPLQSYGFQPTNGVGYQPYRVVVLSFELLHAPATVCGPK
14,1.0433919536503586,0.21621621621621623,MADVQLQASGGGLVQPGGSLRLSCAASGGSSDWSTSTFGWYRQAPGKQRELVGRYYSGTSQYHPSVKGRFTISRDNAMNTVYLQMNNLKPEDTAVYYQWIDDSAAGKQGWGQGTQVTVS/TNLCPFGEVFNATRFASVYAWNRKRISNCVADYSVLYNSASFSTFKCYGVSPTKLNDLCFTNVYADSFVIRGDEVRQIAPGQTGKIADYNYKLPDDFTGCVIAWNSNNLDSKVGGNYNYLYRLFRKSNLKPFERDISTEIYQAGSTPCNGVEGFNCYFPLQSYGFQPTNGVGYQPYRVVVLSFELLHAPATVCGPK
15,1.0430365814953237,0.21621621621621623,MADVQLQASGGGLVQPGGSLRLSCAASGGSSDWSTSTFGWYRQAPGKQRELVGAYYSGASQYHPSVKGRFTISRDNAMNTVYLQMNNLKPEDTAVYYVWINDSANGKVGWGQGTQVTVS/TNLCPFGEVFNATRFASVYAWNRKRISNCVADYSVLYNSASFSTFKCYGVSPTKLNDLCFTNVYADSFVIRGDEVRQIAPGQTGKIADYNYKLPDDFTGCVIAWNSNNLDSKVGGNYNYLYRLFRKSNLKPFERDISTEIYQAGSTPCNGVEGFNCYFPLQSYGFQPTNGVGYQPYRVVVLSFELLHAPATVCGPK
